Saat,Mekan,Aksiyon,Ulaşım,Süre,Ücret (¥),Kritik Not
📅 GÜN 1 — 18 Mayıs 2026 Pazartesi — Narita → Ginza Varış,,,,,,
── SABİT ──,,,,,,
19:45,Narita T1,Uçak iniş (KE713 ICN→NRT),—,—,0,Uçuş süresi 2s 30dk
20:15,Narita T1,Pasaport + bagaj + gümrük çıkış,—,30-45dk,0,Visit Japan Web QR kodunu hazır tut
20:30,Narita → Higashi-Ginza,Keisei Access Express,Tren,68dk,1420,⚠️ Son sefer ~22:30. A1 çıkışını kullan
21:45,Sotetsu Fresa Inn Ginza-Nanachome,Check-in + yerleşme,Yürüyüş 5dk,15-20dk,0,Cashless only. Simmons yatak
── ANA PLAN ──,,,,,,
22:45,Kabukiza Tiyatrosu (dış cephe),Gece fotoğraf yürüyüşü — ışıklandırma,Yürüyüş 3-4dk,30dk,0,İlk fotoğraf noktası. Ginza Chuo-dori da göz at
23:15,Shinamen Hashigo Ginza Hon-ten,Geç gece tantanmen ramen,Yürüyüş 6dk,30dk,1200,Pzt 05:00'e kadar açık. Paikou Tantanmen önerilir
00:00,Otel,Geri dön ve uyu,Yürüyüş 6dk,—,0,⚠️ 07:00 alarm — yarın NOA CAFE 08:00
── B PLANI (Alternatifler) ──,,,,,,
22:00 ▸,Otel odası,"Konbiniyi atla, odada dinlen",—,—,0,Çok yorgunsan yarın sabaha bırak
22:45 ▸,Hanatsubaki-dori sokağı,"10dk kısa tur, Ginza arka sokakları",Yürüyüş 1dk,15dk,0,Kabukiza'ya kadar yürümek fazla geliyorsa
23:15 ▸,Otelin 1F Konbini,Nikuman / oden / famichiki — odada ye,Asansör,15dk,600,Ramen'e çıkmak istemezsen
── YEMEK ──,,,,,,
Geç Akşam,Shinamen Hashigo Ginza Hon-ten,Paikou Tantanmen + bedava pirinç,—,—,1200,"Ginza 6-3-5. Counter-only, hızlı servis"
Alternatif,Otelin 1F Konbini,Onigiri + karaage-kun + melon pan,—,—,600,7/24 açık
💰 Gün 1 Bütçe: Ulaşım ¥1.420 | Yemek ~¥1.200 | Aktivite ¥0 | Alışveriş ¥0 | TOPLAM ~¥2.620,,,,,,
📅 GÜN 2 — 19 Mayıs 2026 Salı — Tsukiji → Ginza → Shibuya → Shinjuku,,,,,,
── SABİT ──,,,,,,
11:50,Asics Tokyo Ginza (8-2-7),Gel Kayano 32 alımı — gait analysis + tax-free,Yürüyüş,45dk,22000,⚠️ Pasaport şart. Kutuyu çantana sığdır
18:45,Uniqlo Shinjuku,"Grafik tişört ×2, basic ×2, çorap seti",JR Yamanote (¥170),45dk,13K-21K,Tax-free ayrı kasa
── ANA PLAN ──,,,,,,
07:00,Otel,Alarm & hazırlık,—,30dk,0,Dün 00:00 yatış
07:30,Otel → Tsukiji,Metro ile geçiş,Metro,30dk,180,
08:00,Tsukiji Dış Pazar,"Kahvaltı + sokak keşfi — tamagoyaki, maguro don, menchi katsu",Yürüyüş,90dk,1.5K-2.5K,Tezgahtan tezgaha ye. Nakit hazır tut
09:30,Tsukiji → Hama-rikyū,Yürüyüş ile geçiş,Yürüyüş,10dk,0,Pazar arka sokaklarından
09:40,Hama-rikyū Bahçeleri,Edo bahçesi + matcha molası,—,60dk,810,Giriş ¥300 + matcha ¥510. Tokyo Körfezi manzarası
10:40,Hama-rikyū → Yurakucho,Shiodome cam kuleleri arasından yürüyüş,Yürüyüş,20dk,0,Mimari fotoğraf fırsatı
11:00,ICI Ishii Sports Yurakucho,"Sırt çantası alımı — etiketleri kopar, eşyaları aktar",Yürüyüş,40dk,15K-25K,"⚠️ Hemen al, gün boyu kullan"
11:40,Yurakucho → Ginza,Ginza Chuo-dori üzerinden yürüyüş,Yürüyüş,10dk,0,Vitrin fotoğrafları
[SABİT] 11:50,Asics Tokyo Ginza,Gel Kayano 32,—,45dk,22000,
12:35,Ginza Kagari,Öğle — Tori Paitan Soba (Michelin Bib Gourmand),Yürüyüş 5dk,60dk,1.2K-1.8K,Kuyruk ~15-20dk ama hızlı. Counter seating
13:35,Ginza caddesi,"Mimari fotoğraf — Ginza Six terası, Mikimoto, Hermès, Kabuki-za",Yürüyüş,45dk,0,
14:20,Ginza → Shibuya,Metro Ginza Hattı (aktarmasız),Metro,30dk,200,
14:50,Shibuya,Hachiko + Crossing + Center-gai,Yürüyüş,40dk,0,Magnet by Shibuya 109 terası — en iyi crossing fotoğraf açısı
15:30,About Life Coffee Brewers,Kafe molası — pour-over specialty,Yürüyüş 3dk,30dk,500-800,Stand-up kahveci. Yorgunluk kırma
16:00,Miyashita Park,"Rooftop park — çimde uzan, vintage dükkanlar",Yürüyüş 5dk,30dk,0,Shibuya skyline fotoğrafı
16:30,Shibuya Sky,Gözlem katı — gündüz + golden hour + günbatımı (~18:40),Yürüyüş 10dk,120dk,2000,Açık teras rüzgarlı — hafif ceket al. Tripod yasak
18:30,Shibuya → Shinjuku,JR Yamanote,JR,15dk,170,
[SABİT] 18:45,Uniqlo Shinjuku,Alışveriş,—,45dk,13K-21K,
19:30,Fuunji (風雲児),Akşam — Tsukemen (soğuk noodle + sıcak sos),Yürüyüş 5dk,60dk,1K-1.5K,Tokyo'nun en meşhur tsukemen'i. Oomori (büyük) ücretsiz
20:30,Omoide Yokochō,Yakitori tadımı + sokak fotoğrafçılığı,Yürüyüş 5dk,30dk,500-1K,2-3 şiş + 1 bira. En fotojenik saat 20:00-22:00
21:00,Golden Gai,Bar sokağı — 1 bar deneyimi,Yürüyüş 8dk,45dk,800-1.5K,"Kapı ücreti ¥300-500, bira ¥500-800. Solo dostu"
21:45,Kabukichō / Godzilla Road,Neon fotoğraf + Godzilla heykeli,Yürüyüş 5dk,15dk,0,"Toho Cinemas üstünde, gece dramatik"
22:00,Shinjuku → Otel,Dönüş,Metro/JR,—,200,Erken yat — yorgunluk birikmesin
── B PLANI (Alternatifler) ──,,,,,,
09:40 ▸,Tsukiji Hongwanji Tapınağı,"Hint-Japon mimarisi, ücretsiz, iç mekanda pipe organ",Yürüyüş 3dk,30dk,0,Hama-rikyū yerine — normal tapınağa benzemeyen cephe
11:00 ▸,Montbell Shinjuku,Sırt çantası alımını akşama ertele,Yürüyüş,30dk,15K-25K,Uniqlo sonrası. Dezavantaj: gün boyu eski çanta
13:35 ▸,Itoya Ginza (伊東屋),"12 katlı kırtasiye — washi kağıdı, el yapımı defter",Yürüyüş 3dk,45dk,0-3K,Ginza mimari tur yerine
14:50 ▸,Harajuku (Takeshita + Ura-Harajuku),Genç kültür + vintage mağazalar,Metro 1 durak,50dk,0,Shibuya sokak keşfi yerine
16:00 ▸,Shibuya Stream,Nehir kenarı modern mimari + kafe,Yürüyüş 5dk,30dk,0,Miyashita Park yerine — daha sakin
20:30 ▸,Shinjuku Nishiguchi sokakları,Sessiz arka sokak + yerel izakaya,Yürüyüş 5dk,30dk,0,Omoide Yokochō kalabalıksa
21:00 ▸,Nonbei Yokochō (Shibuya),"Daha küçük bar sokağı, daha az turist",JR (¥170),45dk,800-1.5K,Golden Gai yerine — Shibuya'ya dönüş gerekir
── YEMEK ──,,,,,,
Kahvaltı,Tsukiji Dış Pazar,"Tamagoyaki (Marutake), maguro don, menchi katsu",—,—,1.5K-2.5K,Tezgahtan tezgaha. Nakit ¥5K hazır tut
Öğle,Ginza Kagari (銀座篝),Tori Paitan Soba — kremalı tavuk ramen,—,—,1.2K-1.8K,Michelin Bib Gourmand. Kuyruk ~15dk
Ara,About Life Coffee Brewers,Pour-over + tatlı,—,—,500-800,"Shibuya, stand-up kahveci"
Akşam,Fuunji (風雲児),Tsukemen — Oomori ücretsiz,—,—,1K-1.5K,"Shinjuku, kuyruk ~20-30dk ama değer"
Gece,Omoide Yokochō,Yakitori 2-3 şiş + bira,—,—,500-1K,"Tadımlık, tam öğün değil"
💰 Gün 2 Bütçe: Ulaşım ¥750 | Yemek ~¥5.2K-7.6K | Aktivite ¥2.300 | Alışveriş ¥50K-68K | TOPLAM ~¥58K-79K,,,,,,
,,,,,,
📅 GÜN 3 — 20 Mayıs 2026 Çarşamba — Shinjuku rahat sabah → Nozomi 11:09 → Kyoto (Gion) öğleden sonra,,,,,,
── SABİT ──,,,,,,
09:00,Anshin Oyado Shinjuku,Ücretsiz curry kahvaltı + check-out,—,60dk,0,"Bagajı hazırla, tek çanta düzeninde çık"
10:15,Shinjuku → Tokyo İst.,JR Chuo Rapid,JR,18dk,260,
10:45,Tokyo İstasyonu,Shinkansen biniş hazırlık,Yürüyüş,15dk,0,Platform 14-19. Ekiben almak istersen bu ara
11:09,Tokyo İst. → Kyoto İst.,"Nozomi 371 — Car 12, Seat 10-E (Fuji tarafı)",Shinkansen,129dk,12430,✅ REZERVE (SmartEX Hayatoku-21). Non-refundable
~13:21,Kyoto İstasyonu,Varış — Karasuma (kuzey) çıkışı,—,—,0,
~13:30,Kyoto İst. → Gion,Metro Karasuma → Shijo + yürüyüş,Metro,17dk,230,"Metro daha güvenilir, otobüs kalabalık"
── ANA PLAN ──,,,,,,
~14:00,Otel,Bagajı bırak (check-in 15:00),Yürüyüş,10dk,0,'nimotsu wo azuketai' de
~14:30,Ekiben (trende) / Yatsuhashi Chaya,Öğle — trende ekiben yi veya Gion'da hafif yatsuhashi + matcha,Yürüyüş 3dk,45dk,800-1.2K,Shinkansen'de istasyonda ekiben al. Gion'da ~14:30'da hafif mola
~15:00,Kennin-ji Tapınağı (建仁寺),"En eski Zen tapınağı — İkiz Ejderha tavan, karesansui bahçe",Yürüyüş 5dk,75dk,500,"10:00-17:00. Tatami üstünde otur, bahçeye bak"
~16:30,Hanamikoji Caddesi (花見小路),"Gion ana caddesi — machiya, çay evleri, fotoğraf",Yürüyüş 3dk,30dk,0,Elektrik kablosuz korumalı sokak. Geiko görürsen yolunu kesme
~17:00,Otel,"Check-in + kısa mola — duş, dinlen",Yürüyüş,30dk,0,"15dk dinlen, akşam için enerji topla"
~17:30,Yasaka Tapınağı (八坂神社),"Gion'un kalbi — ana salon, fenerler, omamori",Yürüyüş 8dk,40dk,0,"24 saat açık, ücretsiz. Kırmızı torii fotoğraf noktası"
~18:00,Maruyama Parkı (円山公園),"Japon bahçesi, havuz, dinlenme",Yürüyüş 2dk,30dk,0,Mayıs'ta yeşillik harika. Bankta otur
~19:00,Shirakawa Bölgesi (白川),"Söğüt ağaçlı kanal, Tatsumi Köprüsü",Yürüyüş 8dk,30dk,0,Hanamikoji'den daha sakin. Klasik fotoğraf noktası
~19:30,Kamogawa Nehri kıyısı,Shijo → Sanjo Köprüsü arası yürüyüş,Yürüyüş 5dk,20dk,0,Gün batımı saati. Nehir kenarı Kyoto atmosferi
~20:00,Pontocho Sokağı (先斗町),Fener ışığında dar sokak + akşam yemeği,Yürüyüş 3dk,90dk,0,"Yürü, menülere bak, atmosferi kok. Yemek: YEMEK bölümüne bak"
~21:30,Gion gece yürüyüşü,Hanamikoji + Yasaka fenerli gece,Yürüyüş 10dk,45dk,0,"Gece bambaşka — fenerler, geiko görme şansı en yüksek"
~22:30,Otel,Dönüş + dinlenme,Yürüyüş 10dk,—,0,⚠️ Yarın Toji pazarı — erken kalkış
── B PLANI (Alternatifler) ──,,,,,,
12:15 ▸,Gion Yorozuya (祇園萬屋),"Negi udon — Michelin Bib Gourmand, Kujo soğanlı",Yürüyüş 5dk,45dk,900-1.4K,Okaru'da sıra uzunsa
18:45 ▸,Kiyamachi Caddesi (木屋町通),Pontocho'ya paralel — kanal boyuncu izakaya/ramen,Yürüyüş 2dk,60dk,0,Pontocho kalabalık/pahalıysa
── YEMEK ──,,,,,,
Öğle,Ekiben (trende) / Yatsuhashi Chaya,Öğle — trende ekiben yi veya Gion'da hafif yatsuhashi + matcha,—,—,800-1.2K,Shinkansen'de istasyonda ekiben al. Gion'da ~14:30'da hafif mola
Ara,Saryo Tsujiri / machiya cafe,Matcha latte veya parfait + mochi,—,—,600-900,Uji çayı kullanıyor
Akşam,Ponto (ぽんと) — Pontocho,"Obanzai seti + bira, kawayuka (nehir platformu)",—,—,3K-4K,Rez.suz girilebilir. Kamogawa manzarası. Solo bar ideal
Akşam alt.,Kushiyaki Manten,"Yakitori + bira, tezgah önü",—,—,2K-3.5K,Daha casual. Pontocho içi
💰 Gün 3 Bütçe: Ulaşım ¥12.690 (Chuo ¥260 + Nozomi ¥12.430 + Metro ¥230) | Yemek ~¥4.5K | Aktivite ¥500 | TOPLAM ~¥17.7K-19.3K,,,,,,
,,,,,,
📅 GÜN 4 — 21 Mayıs 2026 Perşembe — Toji Pazarı + Nishiki + Kiyomizu-dera,,,,,,
── SABİT ──,,,,,,
08:00-12:00,Toji Kobo-ichi (弘法市),"Antika, seramik, vintage — ~1.200 tezgah + sokak yemeği",206 hat (¥230) + yürüyüş 14dk,3.5 saat,5K-30K,En canlı 09-12. Nakit + pazarlık: 'chotto makete kudasai'
12:00-12:45,Gion Oteli,"Kırılgan alışverişleri bırak, seramikleri paketle",Yürüyüş + 206 hat (¥230),45dk,230,⚠️ ZORUNLU — seramiklerle gezme
14:45,Kyukyodo (鳩居堂),"10 kalem, kalem kutusu, 2 yelpaze",Nishiki'den yürüyüş 3dk,30dk,18K-28K,10:00-18:00. Yelpazeleri carry-on'a al
── ANA PLAN ──,,,,,,
08:00,Toji Kobo-ichi,"[SABİT] Pazar + sokak yemeği (yakisoba, taiyaki, mochi)",—,—,0,Sabah atıştırma burada
12:00,Gion Oteli,[SABİT] Kırılgan eşyaları bırak,—,—,230,
12:45,Gogyo (五行),"Öğle — Kogashi miso ramen (kavrulmuş, dumanlı)",Yürüyüş 12dk,45dk,1K-1.5K,Kyoto'nun en özgün rameni. Hafta içi sıra kısa
13:45,Nishiki Market (錦市場),Kyoto'nun Mutfağı — 130+ tezgah tadımlık tur,Yürüyüş 5dk,60dk,1K-1.5K,"Tako tamago, dashimaki, matcha mochi. Tezgah yanında ye"
14:45,Kyukyodo,[SABİT] Kırtasiye alışverişi,Yürüyüş 3dk,30dk,18K-28K,
15:30,Ninenzaka / Sannenzaka,"Tarihi taş sokaklar, machiya evler, fotoğraf",Yürüyüş 25dk,45dk,0,Starbucks Ninenzaka (machiya) ilginç durak
16:15,Kiyomizu-dera (清水寺),"UNESCO — ahşap platform, panorama, Otowa Şelalesi",Yürüyüş 10dk (yokuş),75dk,500,06:00-18:00. 3 akarsu — birini seç. Altın saat fotoğraf
17:30,Sannenzaka → Gion dönüş,"Yokuş aşağı sokak keşfi, akşam ışığı fotoğraf",Yürüyüş 20-25dk,45dk,0,Rahat tempo
18:30,Gion obanzai restoran,Akşam — Kyoto ev yemekleri seti (7-8 tabak),Yürüyüş 5dk,60dk,2.5K-3.5K,"'おばんざい' tabelası ara. Dün Pontocho, bugün Gion"
19:30,Kamogawa nehir kenarı,"Akşam yürüyüşü, Shijo Köprüsü",Yürüyüş 5dk,30-60dk,0,⚠️ Yarın Kobe — 21:00'e kadar otelde ol
── B PLANI (Alternatifler) ──,,,,,,
12:45 ▸,Mimikou (ミミコウ),Curry udon — Yasaka yakını,Yürüyüş 5dk,45dk,1K-1.5K,Gogyo yerine
13:45 ▸,Teramachi Pasajı,"Kapalı çarşı, vintage, kitapçı. Yağmur planı",Yürüyüş 5-10dk,60dk,0,Nishiki kalabalıksa
15:30 ▸,Ninenzaka matcha + Yasaka Pagoda fotoğraf,"Kiyomizu'yu atla, rahat geç + matcha",Yürüyüş 20dk,90dk,800-1.2K,Fiziksel olarak hafif B planı
18:30 ▸,Gion Kappa (ぎおん河童),"Kappo/izakaya — sashimi, tempura",Yürüyüş 5dk,60dk,3K-4K,Obanzai doluysa
── YEMEK ──,,,,,,
Sabah,Toji sokak yemekleri,"Yakisoba, taiyaki, mochi, dango",—,—,500-1K,Nakit şart
Öğle,Gogyo (五行),Kogashi miso ramen + gyoza,—,—,1K-1.5K,Kavrulmuş miso — yoğun umami
Atıştırma,Nishiki Market,"Tako tamago, dashimaki, matcha mochi",—,—,1K-1.5K,Tezgah yanında ye
Akşam,Gion obanzai restoran,"7-8 tabak seti, mevsim sebze, tofu, miso",—,—,2.5K-3.5K,Alt: Gion Kappa
💰 Gün 4 Bütçe: Ulaşım ¥460 | Yemek ~¥5K-7.5K | Aktivite ¥500 | Alışveriş ¥23K-58K | TOPLAM ~¥29K-66.5K,,,,,,
,,,,,,
📅 GÜN 5 — 22 Mayıs 2026 Cuma — Kyoto → Kinosaki Onsen (Shinonomesou),,,,,,
── SABİT ──,,,,,,
09:25,Kyoto İst.,Ltd. Exp. Kinosaki No.3 — KİNOSAKİ TRENİ,Tren,146dk,5370,⚠️ Ön rez. şart. e5489.jr-odekake.net (22 Nisan'dan açık)
~11:51,Kinosaki Onsen İst.,Varış,—,—,0,İstasyon haritasından açık onsenleri teyit et
~12:05,Shinonomesou,Bavul bırak (check-in 14:00),Yürüyüş 13dk / shuttle,15dk,0,✅ REZERVE (Trip.com). Kaiseki + kahvaltı dahil
~14:00,Shinonomesou,Resmi check-in — Yumepa bilezik al,—,30dk,0,
~18:00,Shinonomesou,Kaiseki akşam yemeği (DAHİL),—,90dk,0,Tajima eti + deniz ürünleri + mevsim sebze
── ANA PLAN ──,,,,,,
07:30,Gion Oteli,"Check-out — sırt çantasına geç, bavulları al",—,30dk,0,
08:00,Gion → Kyoto İst.,Bus 206 veya taksi,Otobüs/Taksi,20dk,230,Bavulla taksi daha rahat (~¥1.200)
08:30,Kyoto İst.,Son kahvaltı — Yodobashi Kyoto B1 konbini/ekiben,Yürüyüş,40dk,500-1K,
[SABİT] 09:25,Kyoto İst.,Kinosaki treni,Tren,146dk,5370,
12:30,Irori Dining Mikuni,Öğle — Tajima Beef Steak/Curry Set,Yürüyüş 5dk,60dk,1.5K-3K,Kobe beef'in kökeni Tajima eti
13:45,Kinosaki Ropeway (城崎温泉ロープウェイ),Teleferik — Daishi Dağı zirvesi,Yürüyüş 15dk,30dk,910,Son yukarı 16:10. Kawarake ritüeli
14:30,Onsenji Tapınağı (温泉寺),"738 yılı — koruyucu tapınak, ara istasyon",Teleferik,30dk,0,1300 yıllık
[SABİT] ~14:00,Shinonomesou,Check-in + Yumepa + yukata,—,30dk,0,Geta ile çıplak ayak — çorapla kayarsın
15:45,Kono-yu (鴻の湯),1. onsen — orman manzaralı rotemburo,Yürüyüş 3dk,40dk,0,07:00-23:00. Kapalı: Salı
16:30,Goshono-yu (御所の湯),2. onsen — Kyoto Sarayı ilhamlı,Yürüyüş 5dk,45dk,0,Şelale + buhar saunası. Kapalı: Perşembe
17:20,Otani Nehri kanalı,Yukata ile kasaba yürüyüşü,Yürüyüş,30dk,0,7 taş köprü
[SABİT] ~18:00,Shinonomesou,Kaiseki akşam yemeği,—,90dk,0,
20:00,Ichino-yu (一の湯),3. onsen — mağara banyosu,Yürüyüş 10dk,40dk,0,15:00-23:00. Kapalı: Perşembe
20:45,Mandara-yu (まんだら湯),"4. onsen — seramik küvetler, dağ manzarası",Yürüyüş 5dk,35dk,0,15:00-23:00. Kapalı: Çarşamba
21:30,Kasaba gece yürüyüşü,Fener ışığında kanal,Yürüyüş,20dk,0,Kısa tut
22:00,Shinonomesou,Ryokan iç onseni / uyku,—,—,0,
── B PLANI (Alternatifler) ──,,,,,,
12:30 ▸,Okesho Sengyo Kaichuen,Kaisendon (deniz ürünü bowl),Yürüyüş 3dk,60dk,1.5K-2.5K,"Popüler, sıra olabilir"
13:45 ▸,Mugiwara Zaiku Müzesi,Buğday sapı el sanatları + atölye,Yürüyüş 8dk,60dk,400-1.2K,Yağmur planı
15:45 ▸,Jizo-yu (地蔵湯),"Fener bina, geniş iç mekan + jakuzi",Yürüyüş 8dk,35dk,0,Açık durumunu varışta teyit et
20:00 ▸,Yanagi-yu (柳湯),"En küçük, en sıcak, selvi küveti",Yürüyüş 5dk,25dk,0,Yavaş gir
── YEMEK ──,,,,,,
Kahvaltı,Kyoto İst. konbini/ekiben,Son Kyoto kahvaltısı,—,—,500-1K,Hafif tut
Öğle,Irori Dining Mikuni,Tajima Beef Steak/Curry Set,—,—,1.5K-3K,Alt: Okesho Kaisendon
Atıştırma,GubiGabu + sokak,Craft bira + onsen tamago + korokke,—,—,500-1K,
Akşam,Shinonomesou kaiseki,DAHİL — çok kaplı geleneksel ziyafet,—,—,0,
Sabah (Gün 6),Shinonomesou,Japon kahvaltısı — DAHİL,—,—,0,
💰 Gün 5 Bütçe: Ulaşım ¥6.510 (Bus ¥230 + Kinosaki ¥5.370 + Ropeway ¥910) | Yemek ~¥3K | Konaklama+Yemek DAHİL | TOPLAM ~¥9.5K,,,,,,
,,,,,,
📅 GÜN 6 — 23 Mayıs 2026 Cumartesi — Kinosaki → Osaka (Namba),,,,,,
── SABİT ──,,,,,,
07:00,Shinonomesou,Son sabah onseni,Ryokan içi,60dk,0,"Sakin, keyfini çıkar"
08:00,Shinonomesou,Japon kahvaltısı (DAHİL),Ryokan içi,60dk,0,
~10:00,Shinonomesou,Check-out,—,15dk,0,ありがとうございました
~11:30,Kinosaki → Osaka (Umeda),Ltd. Exp. Kounotori,Tren,170dk,5900,⚠️ e5489'dan alınacak (23 Nisan'dan açık)
~14:20,Osaka İst. → Namba,Metro Midosuji,Metro,9dk,240,
~14:45,Osaka Namba Oteli,Check-in — 3 gece (Gün 6-7-8),Yürüyüş 5dk,15dk,0,
── ANA PLAN ──,,,,,,
15:30,Hozenji Yokocho (法善寺横丁),Fener ışıklı dar sokak + Mizukake Fudo,Yürüyüş 3dk,30dk,0,Dotonbori güneyi ama bambaşka atmosfer
16:15,Dotonbori kanal yürüyüşü,"Ebisubashi → Glico Man, dev 3D tabelalar, fotoğraf",Yürüyüş,60dk,0,Altın saat + gece neon iki farklı ışıkta çek
17:15,Akaoni (赤鬼) takoyaki,Michelin Bib Gourmand — chapu-chapu (dashi suyunda),Yürüyüş 2dk,30dk,600-800,Sıra hızlı. Domuz/dana yok — saf ahtapot
18:00,Tombori River Cruise,20dk kanal turu — neon'u su seviyesinden,İskele,45dk,1000,Gün batımı öncesi bin
19:00,Okonomiyaki Mizuno (美津の),Akşam — Yamaimo-yaki (unsuz),Yürüyüş 2dk,60dk,1.2K-1.8K,1945. Michelin Bib. Sıra uzun
20:15,Ura Namba (裏なんば),"Arka sokak — küçük izakaya, yerel barlar",Yürüyüş 5dk,45dk,0,Turistik olmayan Osaka
21:00,Pablo Dotonbori,Tatlı — baked cheese tart,Yürüyüş 3dk,30dk,300-500,
21:30,Otele dönüş,,Yürüyüş 5-7dk,—,0,
── B PLANI ──,,,,,,
15:30 ▸,Namba Yasaka Shrine,Dev aslan ağzı sahne — fotoğrafçılık ikonu,Yürüyüş 10dk,30dk,0,
16:15 ▸,Amerikamura,"Street art, vintage, genç kültür",Yürüyüş 5dk,60dk,0,Alışveriş yapma
19:00 ▸,Fukutaro (福太郎),"Okonomiyaki negiyaki, daha az turistik",Yürüyüş 5dk,60dk,1K-1.5K,
20:15 ▸,Shinsekai,Retro Showa + Tsutenkaku + kushikatsu,Metro 2 durak,45dk,190,
── YEMEK ──,,,,,,
Kahvaltı,Shinonomesou,Japon kahvaltısı — DAHİL,—,—,0,
Öğle (tren),Kinosaki İst. ekiben,Tajima Gyu bento / kani-meshi,—,—,800-1.2K,
Ara,Akaoni takoyaki,Chapu-chapu (Michelin),—,—,600-800,
Akşam,Mizuno (美津の),Yamaimo-yaki okonomiyaki,—,—,1.2K-1.8K,Alt: Fukutaro
💰 Gün 6 Bütçe: Ulaşım ¥6.140 | Yemek ~¥3.5K | Aktivite ¥1K | TOPLAM ~¥10.6K,,,,,,
📅 GÜN 7 — 24 Mayıs 2026 Pazar — Osaka Rahat Gün + Lokal Keşif,,,,,,
── ANA PLAN (Tam serbest gün — yarın mega alışveriş) ──,,,,,,
10:30,千日前道具屋筋 (Doguyasuji),"Mutfak aletleri çarşısı — food sample, bıçaklar",Yürüyüş 3dk,60dk,0,Osaka Kitchen Town
11:45,Kuromon Ichiba Pazarı (黒門市場),"Osaka'nın Mutfağı — taze deniz ürünü, meyve",Yürüyüş 8dk,60dk,1K-2K,"Sokak yemeği: istiridye, wagyu skewer"
13:00,Tennoji Park + Keitakuen Bahçesi,Japon bahçesi + park — sakin mola,Metro Midosuji (¥240),90dk,150-300,Lokal halk pazar günü parka gelir. Bahçe giriş ¥150
15:00,Shinsekai (新世界),"Retro Showa atmosferi — Tsutenkaku dış, Janjan Yokocho",Yürüyüş 10dk,60dk,0,"Kushikatsu sokağı, neon, pachinko"
── B PLANI ──,,,,,,
11:45 ▸,Nakazakicho (中崎町),"Hipster mahallesi — indie kafe, vintage, sanat galerileri",Metro Umeda (¥240),90dk,0,"Osaka'nın Harajuku'su, lokal"
13:00 ▸,Sumiyoshi Taisha,Tokyo'daki Meiji-jingu'ya benzer — Osaka'nın en önemli şinto tapınağı,Nankai Line,90dk,210,
16:30 ▸,Nakanoshima Bölgesi,Nehir arası modern mimari + Osaka Science Museum,Metro (¥240),60dk,0-600,Yorgunsa iç aktivite
18:30 ▸,Namba Izakaya sokak,Ura Namba'da lokal izakaya — sade akşam,Yürüyüş,75dk,1.5K-2.5K,
── YEMEK ──,,,,,,
Sabah,丸福珈琲店,"Koyu kahve + hot cake set, 1934",—,—,600-900,Osaka kissaten
Öğle (Kuromon),Kuromon Ichiba tezgahları,"Istiridye, wagyu skewer, meyve",—,—,1K-2K,Tezgah yanında ye
Akşam,Kushikatsu Daruma,Kushikatsu çeşitleri — 2 kez sos yasak!,—,—,1.5K-2.5K,Daruma klasiği Shinsekai
Gece,Ura Namba izakaya,Küçük bir şey — beer + edamame/yakitori,—,—,500-1.5K,
💰 Gün 7 Bütçe: Ulaşım ¥720-960 | Yemek ~¥3.5K-6.5K | Aktivite ¥150-300 | TOPLAM ~¥4.5K-7.8K,,,,,,
,,,,,,
📅 GÜN 8 — 25 Mayıs 2026 Pazartesi — Osaka Mega Alışveriş + Lokal Keşif,,,,,,
── ANA PLAN ──,,,,,,
09:15,Otel,"Pasaport kontrol, çanta hazırla",Yürüyüş,15dk,0,Tax-free için pasaport şart
09:50,Montbell なんばCITY南館B1F,"UV gömlek, bug net, eldiven, şapka, Sock-on Sandal",Yürüyüş,40dk,5K-10K,10:00 açılış. Tax-free
10:45,心斎橋筋商店街 yürüyüşü,"Arcade'e yürü, mağaza yerlerini not al",Yürüyüş 10dk,15dk,0,11'e kadar nispeten sakin
12:20,Öğle yemeği,Hafif — Meoto Zenzai veya yakın udon,Yürüyüş,45dk,500-1K,Alışveriş arası ağır yemek yeme
19:00,串カツ二色 (Kushikatsu Nishiki),Akşam — lokal kushikatsu tezgahı,Yürüyüş 5dk,60dk,1.5K-2.5K,Showa dönemi. 1串 ~¥100-150. Bira + 10-15 şiş
20:15,南地中筋 / Namba arka sokaklar,Akşam yürüyüşü — lokal izakaya sokağı,Yürüyüş,30dk,0,"Eski çiçek mahallesi. Neon, küçük barlar"
20:45,Otele dönüş,Yamato paketleme başla,Yürüyüş,—,0,
── B PLANI ──,,,,,,
08:00 ▸,丸福珈琲店 千日前本店,"Kahvaltı alt. — 1934, koyu kahve, morning set",Yürüyüş,45dk,500-800,
14:30 ▸,地蔵尊横丁,"Doguyasuji yanı gizli geçit, Jizo heykeli",Yürüyüş,30dk,0,Hozenji yerine
── YEMEK ──,,,,,,
Öğle,法善寺 夫婦善哉 / udon,Zenzai (tatlı fasulye) veya kitsune udon,—,—,500-1K,Hafif tut
💰 Gün 8 Bütçe: Ulaşım ¥720 | Yemek ~¥3K-5K | Alışveriş ~¥93K-145K | TOPLAM ~¥97K-151K,,,,,,
,,,,,,
📅 GÜN 9 — 26 Mayıs 2026 Salı — Osaka → Tokyo (Direkt Nozomi) → Akihabara,,,,,,
── SABİT ──,,,,,,
07:30,Otel / konbini,Yamato Ta-Q-Bin — 2 valiz Tokyo oteline gönder,Yürüyüş,20dk,5000,⚠️ Form: otel adı + 'Check-in: 28 May' + Motobarai
~10:00,Shin-Osaka İst.,Nozomi Shinkansen → Tokyo,Metro + tren,30dk,0,"Namba → Shin-Osaka metro Midosuji (¥280, ~12dk)"
~10:30,Shin-Osaka → Tokyo,Nozomi (Hayatoku-21 hedef),Shinkansen,155dk,12430,⚠️ SmartEX'ten alınacak (26 Nisan'dan açık)
~13:05,Tokyo İst. → Akihabara,JR Yamanote,JR,4dk,150,
~13:15,Akihabara Oteli,Check-in — 4 gece,Yürüyüş,15dk,0,"Bavul yok (Yamato!), sadece sırt çantası"
── ANA PLAN ──,,,,,,
08:30,丸福珈琲店 千日前本店 (Marufuku),"Osaka son kahvaltı — 1934, koyu kahve + hot cake",Yürüyüş 5dk,35dk,600-900,Osaka kissaten vedası
09:30,Shin-Osaka'ya metro,Midosuji Line Namba → Shin-Osaka,Metro,12dk,280,
09:50,Shin-Osaka İst.,Ekiben al — son Osaka yemeği,Yürüyüş,40dk,1K-1.5K,551 Horai buta-man meşhur
14:00,Akihabara bölgesi,Öğleden sonra serbest — hafif keşif,Yürüyüş,120dk,0,Yorgunluk — dinlenme önceliği
16:00,Otel — kısa mola,"Dinlen, duş, şarj",—,60dk,0,
18:00,四文屋 秋葉原店 (Shimonnya),"Akşam — yakiton izakaya, ¥100-200/şiş",Showa-dori 5dk,60dk,1.5K-2.5K,Ura-Akihabara. Salaryman cenneti
19:30,Akihabara arka sokak yürüyüşü,Chuo-dori neon + Don Quijote keşif,Yürüyüş,45dk,0,Asıl keşif Gün 10
20:30,Otel,Dinlen,Yürüyüş,—,0,
── B PLANI ──,,,,,,
08:30 ▸,珈琲艇キャビン (Coffee-tei Cabin),Dotonbori altı gemi temalı kissaten,Yürüyüş,35dk,500-700,
08:30 ▸,南海パーラー (Nankai Parlor),Namba ist. 2F morning set ¥530,Yürüyüş,25dk,400-530,En pratik
18:00 ▸,青島食堂 (Aoshima Shokudo),"Niigata shōga shōyu ramen, counter",Yürüyüş 6dk,45dk,900-1.1K,Yakiton yerine hafif ramen
18:00 ▸,中華そば糸 (Chūka Soba Ito),"Düşük sodyum shoyu ramen, mideye nazik",Yürüyüş 5dk,40dk,1K-1.2K,Yorgun günde en hafif
── YEMEK ──,,,,,,
Sabah,丸福珈琲店,Hot cake + demlenmiş kahve,—,—,600-900,1934 Osaka kissaten vedası
Öğle (tren),Shin-Osaka ekiben,551 Horai buta-man / Osaka bento,—,—,1K-1.5K,
Akşam,四文屋 (Shimonnya),Yakiton + hoppy/highball,—,—,1.5K-2.5K,Ura-Akihabara lokal
💰 Gün 9 Bütçe: Ulaşım ¥17.860 (Yamato ¥5K + Metro ¥280 + Nozomi ¥12.430 + Yamanote ¥150) | Yemek ~¥3K | TOPLAM ~¥21K,,,,,,
📅 GÜN 10 — 27 Mayıs 2026 Çarşamba — Ochanomizu + Jimbocho + Yanaka + Akihabara Keyif Günü,,,,,,
── ANA PLAN (Tam serbest gün — sabit kalem yok) ──,,,,,,
08:30,"喫茶穂高 (Kissa Hotaka, Ochanomizu)","Sabah — 1955 kissaten, kalın tost + kahve",JR 1 durak,45dk,950,08:00 açılış. 10:00'a kadar 50¥ indirim
09:30,Nicolai-do + 楽器通り,Bizans katedrali + müzik aletleri sokağı,Yürüyüş 5dk,30dk,0,Japonya'nın en yoğun müzik sokağı
10:15,Jimbocho 古書店街,Dünyanın en büyük 2. el kitap bölgesi,Yürüyüş 10dk,60dk,0,"Komiyama Shoten, @WONDER"
11:30,スマトラカレー共栄堂,Öğle — 1924 Sumatra curry,Yürüyüş 3dk,45dk,1.5K-1.6K,11:30'da git
12:30,Jimbocho → Yanaka,Metro Hanzomon → Chiyoda → Sendagi,Metro,20dk,250,
12:50,Yanaka (谷中) mahalle keşfi,"Savaşta yıkılmamış eski Tokyo — ahşap evler, tapınaklar",Yürüyüş,90dk,0,"Sessiz, lokal. Fotoğraf cenneti"
14:20,谷中銀座商店街,"170m shotengai — menchi-katsu, kedi donut",Yürüyüş,45dk,500,Yūyake Dandan merdivenleri
15:15,Yanaka → Akihabara,JR Nippori → Akihabara,JR,10dk,170,
15:45,Otel — kısa mola,"Dinlen, şarj, su",—,30dk,0,Opsiyonel
16:15,Mandarake Complex (まんだらけ),8 katlı otaku cenneti,Yürüyüş 5dk,60dk,0,Vintage için 7F ve B1F
17:15,Radio Kaikan + Amiami Figure Tower,Kaiyodo 5F + Amiami 8 kat,Yürüyüş 3dk,60dk,0-20K,Brown Dust 2 figürü
18:15,Akihabara arka sokaklar,Showa-dori arkası — bağımsız dükkanlar,Yürüyüş,45dk,0,Gerçek Akiba
19:00,Super Potato + Hey! Arcade,Retro oyun + fighting game,Yürüyüş 5dk,45dk,500,¥100/oyun nostalji
19:45,Akşam yemeği,Tonkatsu veya Kanda guard-shita izakaya,Yürüyüş,60dk,1.5K-2.2K,⚠️ 神田まつや Çrş kapalı
21:00,Gece Akihabara yürüyüşü,"Neon fotoğrafçılığı, DQ keşif",Yürüyüş,45dk,0,Hafta içi daha sakin
21:45,Otel,Yarın mega alışveriş — erken yat,—,—,0,
── B PLANI ──,,,,,,
08:30 ▸,かめや (Kameya),"Tachigui soba — ayakta, 5dk, ¥550",JR 1 durak,15dk,550,Salaryman sabah sobası
10:15 ▸,Ueno Ameyoko,Açık hava pazarı,JR 1 durak,60dk,0,Jimbocho yerine
12:50 ▸,Kanda Myojin,Anime × gelenek tapınağı,Yürüyüş 7dk,45dk,0,Yanaka'ya gidemezsen
16:15 ▸,Kotobukiya 秋葉原館,3 katlı figür — yeni figür odaklı,Yürüyüş 3dk,45dk,0,Mandarake kalabalıksa
── YEMEK ──,,,,,,
Sabah,喫茶穂高 (Kissa Hotaka),"Kalın tost + kahve, 1955 kissaten",—,—,950,Alt: かめや ¥550
Öğle,スマトラカレー共栄堂,1924 Sumatra curry + patates çorbası,—,—,1.5K-1.6K,
Atıştırma,谷中銀座,Menchi-katsu + kedi donut,—,—,500,
Akşam,丸五 (Marugo) VEYA Kanda guard-shita,Tonkatsu / JR Kanda altı yakitori,—,—,1.5K-2.2K,⚠️ 神田まつや Çrş KAPALI
💰 Gün 10 Bütçe: Ulaşım ~¥800 | Yemek ~¥4.5K | Aktivite ~¥500 | Figür 0-20K | TOPLAM ~¥5.8K-25.8K,,,,,,
,,,,,,
📅 GÜN 11 — 28 Mayıs 2026 Perşembe — Yodobashi Mega Alışveriş + Kappabashi,,,,,,
── SABİT ──,,,,,,
── ANA PLAN ──,,,,,,
── B PLANI ──,,,,,,
08:00 ▸,のものキッチン (Nonomono),JR ist. içi Tohoku onigiri set ¥390,İst. içi,20dk,390,Chopin kapalıysa
13:50 ▸,神田明神 + Yushima arka sokak,"Kappabashi yerine — tapınak + dar sokaklar, daha az yorucu",Yürüyüş 5dk,60dk,0,
── YEMEK ──,,,,,,
Sabah,珈琲ショパン,"Cheese toast + cafe au lait, 1933",—,—,750,Alt: のものキッチン ¥390
💰 Gün 11 Bütçe: Ulaşım ¥400 | Yemek ~¥2.9K | Alışveriş ~¥259K-269K | TOPLAM ~¥262K-272K,,,,,,
,,,,,,
📅 GÜN 12 — 29 Mayıs 2026 Cuma — Kaneko Ginza Teslim + Shimokitazawa Vintage + Son Gece Paketleme,,,,,,
── SABİT ──,,,,,,
── ANA PLAN ──,,,,,,
── B PLANI ──,,,,,,
12:20 ▸,茄子おやじ (Nasu Oyaji),"Shimokitazawa efsane karesi, 40+ yıl",Yürüyüş 4dk,40dk,900-1.2K,
13:10 ▸,CIRCULABLE SUPPLY,"Modern Japon marka ikinci el, 2025 açılış",Yürüyüş 5dk,45dk,0,Vintage yerine
15:20 ▸,喫茶ネグラ (Kissa Negura),"Showa retro kafe, cream soda",Yürüyüş,30dk,600-800,Bear Pond kapalıysa
── YEMEK ──,,,,,,
💰 Gün 12 Bütçe: Ulaşım ¥1.1K | Yemek ~¥3.5K | Alışveriş ~¥10K | Skyliner ¥2.5K | TOPLAM ~¥17.1K,,,,,,
,,,,,,
📅 GÜN 13 — 30 Mayıs 2026 Cumartesi — Ueno Keşif → Narita → ICN Transit,,,,,,
── SABİT ──,,,,,,
── ANA PLAN ──,,,,,,
12:15,上野恩賜公園 (Ueno Park),"Son park yürüyüşü — Shinobazu Gölet, Bentendo",Yürüyüş 5dk,45dk,0,Sakin bir veda. Lotus manzarası
── B PLANI ──,,,,,,
── ICN TRANSİT PLANI (23:25 → ertesi gün 13:40) ──,,,,,,
23:25,Incheon T2 varış,Transit alanına geç (bagaj almayacaksın),—,30dk,0,Gate 252 civarı
09:00,T2 Food Court + Duty-Free,Bibimbap kahvaltı + K-beauty alışveriş,3F,120dk,₩15K-25K,Lotte/Shilla Duty-Free
── YEMEK ──,,,,,,
Sabah,珈琲王城,"Tost + kahve, 1975 Showa kissaten",—,—,800-1K,Son kissaten
Atıştırma,アメ横,"Çikolatalı muz, meyve, kalamar",—,—,500-1K,
💰 Gün 13 Bütçe: Ulaşım ¥3.1K | Yemek ¥4K + ₩25K | Bagaj ¥8K | Alışveriş ¥13K-17K | ICN otel 0-₩100K | TOPLAM ~¥28K-36K + ₩,,,,,,
,,,,,,
🇯🇵 13 GÜN TAMAMLANDI — İyi yolculuklar Burak! 良い旅を！,,,,,,